{
  "positions": {
    "0": "Conductor",
    "1": "Basebeat",
    "2": "Snare",
    "3": "Hihat"
  },
  "members": [
    {
      "positionName": "Conductor",
      "positionBackupNumber": 0,
      "ipAddressOrHostName": "localhost",
      "controlPort": 5433,
      "workPort": 5432,
      "workRequestTimeout": 500,
      "workRequestTimeoutDrain": true
    },
    {
      "positionName": "Basebeat",
      "positionBackupNumber": 0,
      "ipAddressOrHostName": "localhost",
      "controlPort": 6543,
      "workPort": 6542,
      "workRequestTimeout": 100,
      "workRequestTimeoutDrain": true
    },
    {
      "positionName": "Snare",
      "positionBackupNumber": 0,
      "ipAddressOrHostName": "localhost",
      "controlPort": 7654,
      "workPort": 7653,
      "workRequestTimeout": 100,
      "workRequestTimeoutDrain": true
    },
    {
      "positionName": "Hihat",
      "positionBackupNumber": 0,
      "ipAddressOrHostName": "localhost",
      "controlPort": 8765,
      "workPort": 8764,
      "workRequestTimeout": 100,
      "workRequestTimeoutDrain": true
    },
    {
      "positionName": "Conductor",
      "positionBackupNumber": 1,
      "ipAddressOrHostName": "localhost",
      "controlPort": 5431,
      "workPort": 5430,
      "workRequestTimeout": 500,
      "workRequestTimeoutDrain": false
    },
    {
      "positionName": "Basebeat",
      "positionBackupNumber": 1,
      "ipAddressOrHostName": "localhost",
      "controlPort": 6541,
      "workPort": 6540,
      "workRequestTimeout": 200,
      "workRequestTimeoutDrain": false
    },
    {
      "positionName": "Snare",
      "positionBackupNumber": 1,
      "ipAddressOrHostName": "localhost",
      "controlPort": 7652,
      "workPort": 7651,
      "workRequestTimeout": 200,
      "workRequestTimeoutDrain": false
    },
    {
      "positionName": "Hihat",
      "positionBackupNumber": 1,
      "ipAddressOrHostName": "localhost",
      "controlPort": 8763,
      "workPort": 8762,
      "workRequestTimeout": 200,
      "workRequestTimeoutDrain": false
    }
  ]
}