{
  "name": "Demo",
  "loop": "true",
  "beatsPerMinute": 120,
  "beatsPerBar": 4,
  "stepsPerBeat": 4,
  "steps": [
    {
      "positionName": "Basebeat",
      "bar": 1,
      "number": 1,
      "startMs": 0
    },
    {
      "positionName": "Basebeat",
      "bar": 1,
      "number": 11,
      "startMs": 0
    },
    {
      "positionName": "Snare",
      "bar": 1,
      "number": 5,
      "startMs": 0
    },
    {
      "positionName": "Snare",
      "bar": 1,
      "number": 13,
      "startMs": 0
    },
    {
      "positionName": "Hihat",
      "bar": 1,
      "number": 1,
      "startMs": 150,
      "durationMs": 10
    },
    {
      "positionName": "Hihat",
      "bar": 1,
      "number": 3,
      "startMs": 100,
      "durationMs": 50
    },
    {
      "positionName": "Hihat",
      "bar": 1,
      "number": 5,
      "startMs": 150,
      "durationMs": 10
    },
    {
      "positionName": "Hihat",
      "bar": 1,
      "number": 7,
      "startMs": 100,
      "durationMs": 50
    },
    {
      "positionName": "Hihat",
      "bar": 1,
      "number": 8,
      "startMs": 100,
      "durationMs": 50
    },
    {
      "positionName": "Hihat",
      "bar": 1,
      "number": 9,
      "startMs": 150,
      "durationMs": 10
    },
    {
      "positionName": "Hihat",
      "bar": 1,
      "number": 10,
      "startMs": 150,
      "durationMs": 10
    },
    {
      "positionName": "Hihat",
      "bar": 1,
      "number": 11,
      "startMs": 100,
      "durationMs": 50
    },
    {
      "positionName": "Hihat",
      "bar": 1,
      "number": 13,
      "startMs": 150,
      "durationMs": 10
    },
    {
      "positionName": "Hihat",
      "bar": 1,
      "number": 15,
      "startMs": 0,
      "durationMs": 150
    }
  ]
}